ID Cliente,Edad,Ingresos Mensuales,Años Empleo,Puntuación Crediticia,Deuda Actual,Monto Prestamo Solicitado,Ratio Deuda Ingresos,Tipo Empleo,Apto Prestamo Pequeño,Apto Prestamo Mediano,Apto Prestamo Elevado
1,56,1052418,4,655,76123,487625,0.13407161480596042,Informal,1,1,0
2,69,730335,2,832,423006,1759030,0.157834240582033,Informal,1,1,0
3,46,1036250,0,551,102449,2032693,0.06262561554810397,Formal,1,0,0
4,32,477626,3,534,163311,860727,0.3277549859230563,Autónomo,1,0,0
5,60,1718771,39,526,123404,1689218,0.019898563667826275,Informal,1,0,0
6,25,800503,34,824,100959,2006042,0.29884116776172953,Formal,1,1,0
7,38,861874,31,612,873520,1895436,0.4348479424258169,Formal,1,0,0
8,56,476632,33,348,168231,453232,0.44541607414481676,Informal,0,0,0
9,36,893292,24,417,1309496,2134968,0.22451888018498084,Desempleado,0,0,0
10,40,977045,9,353,1752056,874739,0.22965184410653688,Formal,0,0,0
11,28,393120,20,343,423453,793344,0.03848459150400868,Autónomo,0,0,0
12,28,307801,38,352,77159,191491,0.33538251272151787,Autónomo,0,0,0
13,41,817158,26,824,234641,1112813,0.41062971018642275,Formal,1,0,0
14,70,552589,26,401,799082,292773,0.12232752730235652,Formal,0,0,0
15,53,803487,1,697,228951,596138,0.21065044081668233,Formal,1,1,0
16,57,369992,40,437,45519,744862,0.41941966838263517,Autónomo,0,0,0
17,41,323354,12,686,406850,1814341,0.438560233831144,Formal,1,0,0
18,20,782383,8,410,932555,1959281,0.12158999013211297,Formal,0,0,0
19,39,592356,35,316,794637,713387,0.2752853172706821,Informal,0,0,0
20,70,245587,21,481,96261,1922774,0.09624657531791353,Autónomo,0,0,0
21,19,1380981,25,835,558538,1919584,0.05093938206977827,Formal,1,1,1
22,41,366930,11,840,124554,1718292,0.4555602506959788,Informal,1,0,0
23,61,2554629,16,470,123083,374702,0.4102537521160546,Informal,0,0,0
24,47,516457,13,708,1036022,1556684,0.38001745090158695,Informal,1,1,0
25,55,862453,13,677,143620,2110469,0.02438315940657021,Autónomo,1,1,0
26,19,1607563,33,487,152752,1539764,0.42186439635512873,Formal,0,0,0
27,38,1478402,19,529,327,776768,0.21902203795269187,Autónomo,1,0,0
28,50,1904678,10,418,1022690,1144135,0.17119756164792982,Informal,0,0,0
29,29,329462,15,455,786540,1459718,0.2732381805126882,Informal,0,0,0
30,39,399841,30,764,493530,1165858,0.045676621361777914,Informal,1,0,0
31,61,789973,5,403,693679,316558,0.3783232746761994,Informal,0,0,0
32,42,1073708,18,801,82466,734255,0.29121753844414794,Formal,1,1,1
33,66,701616,36,474,306543,1800360,0.09329504843658376,Informal,0,0,0
34,44,311065,3,720,216330,1928688,0.0941160998845228,Informal,1,0,0
35,59,904416,3,433,49235,354275,0.09212432578633711,Informal,0,0,0
36,45,640260,19,690,332893,2126477,0.028501193775966993,Formal,1,1,0
37,33,636434,9,800,1267509,770693,0.2938992246858424,Desempleado,1,1,0
38,32,225885,23,332,20442,1495786,0.42017408879425405,Informal,0,0,0
39,64,1051257,34,354,172275,1690406,0.0087491069936943,Formal,0,0,0
40,68,758697,25,818,116307,1821124,0.024502322485636774,Informal,1,1,0
41,61,1731221,36,311,136001,2112046,0.2863851383434729,Autónomo,0,0,0
42,69,679764,37,827,1195351,736115,0.40974784269302617,Autónomo,1,0,0
43,20,936519,20,672,315621,1922358,0.1633694452843168,Informal,1,1,0
44,54,1069460,39,783,313960,342070,0.17480719940386108,Autónomo,1,1,1
45,68,294689,38,527,714759,1588685,0.29817324874838796,Formal,0,0,0
46,24,2610638,20,606,83909,1668995,0.1371064445620735,Informal,1,1,0
47,38,568843,9,756,333998,1529290,0.013304183038842066,Autónomo,1,1,0
48,26,903506,37,459,281046,604345,0.36761425905079803,Autónomo,0,0,0
49,56,971937,3,630,454299,1953964,0.31282495647072656,Informal,1,1,0
50,35,469472,19,524,3861765,422891,0.29037799952782956,Autónomo,1,0,0
51,21,1776659,16,803,733641,172365,0.37084206449591156,Formal,1,1,0
52,42,805914,6,755,253637,1615698,0.33761541878101875,Autónomo,1,1,0
53,31,634136,3,344,878833,1089553,0.10294099408916058,Formal,0,0,0
54,67,756161,28,513,93592,1901901,0.17624052347167557,Formal,1,0,0
55,26,1033934,13,358,15469,889351,0.0630550708393125,Formal,0,0,0
56,43,709385,2,494,114360,421630,0.06492850670894051,Informal,0,0,0
57,70,1096595,23,788,208070,1874384,0.3380978731782696,Formal,1,1,0
58,19,303859,36,456,357268,1249217,0.4293000534912491,Formal,0,0,0
59,37,485420,15,525,477424,467109,0.4813662919305695,Formal,1,0,0
60,45,242160,3,711,1207349,1622045,0.3141735587747222,Formal,0,0,0
61,64,1915060,23,504,356526,1167039,0.09205066168047848,Informal,1,0,0
62,24,1902637,33,378,347851,1369678,0.05282517272446535,Informal,0,0,0
63,61,965174,29,423,25775,1057858,0.4064254857683789,Formal,0,0,0
64,25,425256,17,770,17768,1857571,0.28937823817999964,Autónomo,1,0,0
65,64,2330735,18,517,400544,1859427,0.3091425105068599,Autónomo,1,0,0
66,52,521544,30,815,288286,1598139,0.3907310443773546,Autónomo,1,1,0
67,31,634220,18,403,913736,284919,0.3516386138662258,Formal,0,0,0
68,34,764152,18,692,87581,1879628,0.4172291264280483,Autónomo,1,0,0
69,53,884266,21,733,12644,1514700,0.02810695272993924,Formal,1,1,0
70,67,973503,23,630,298045,1571255,0.3737603183732524,Formal,1,1,0
71,57,993248,11,442,135562,844965,0.4254263786610477,Formal,0,0,0
72,21,656379,29,839,25444,1967524,0.14306752122915717,Autónomo,1,1,0
73,19,985403,37,577,644762,1632889,0.3202236369966264,Formal,1,0,0
74,23,641877,30,532,59163,300550,0.15708103191848605,Formal,1,0,0
75,59,942609,35,828,468654,942361,0.478985533241227,Formal,1,0,0
76,21,904738,18,389,164982,1982963,0.01671178621775188,Autónomo,0,0,0
77,46,1033208,35,791,95275,158367,0.2898964219164775,Informal,1,1,1
78,35,970667,29,498,238818,2146110,0.08325177352475754,Formal,0,0,0
79,43,565542,32,661,808347,1532419,0.35611010258857934,Informal,1,1,0
80,61,887453,17,740,248867,1428519,0.08794514170933104,Informal,1,1,0
81,51,978186,27,325,694689,644013,0.11769163094917878,Informal,0,0,0
82,27,369976,10,324,67044,596686,0.24718540552287904,Formal,0,0,0
83,53,615219,32,693,740899,2104020,0.45741747499843904,Autónomo,1,0,0
84,31,956286,16,806,135205,704269,0.10585718607398542,Formal,1,1,0
85,48,1658463,5,600,565660,1741892,0.07212001055905176,Informal,1,0,0
86,65,1065767,3,638,417104,910495,0.3794884159270153,Formal,1,1,0
87,32,1711609,19,566,1323558,358523,0.2503097661669655,Formal,1,0,0
88,25,578138,26,760,244958,79048,0.4558925561908857,Formal,1,0,0
89,31,799587,14,755,34228,1239102,0.07330727857992114,Informal,1,1,0
90,40,1055603,5,659,9671,2177337,0.32296394651151966,Formal,1,1,0
91,57,220484,13,367,876823,858344,0.11643957307590752,Autónomo,0,0,0
92,38,1501773,10,711,371942,832375,0.07838021432581965,Formal,1,1,1
93,33,278257,38,790,746370,803891,0.34171470757863526,Informal,0,0,0
94,62,1161503,8,348,133564,1187542,0.2968423099543666,Autónomo,0,0,0
95,35,994675,25,401,211624,1013866,0.3774137291811656,Informal,0,0,0
96,64,219029,15,515,15283,1968904,0.15473128822309118,Autónomo,0,0,0
97,70,224633,4,737,1628449,1154879,0.22398582819109497,Informal,0,0,0
98,41,1444099,9,458,551111,1159742,0.20273583816520924,Formal,0,0,0
99,43,1295123,2,788,1353064,356604,0.4920447319832571,Autónomo,1,0,0
100,42,454214,12,541,154280,2192471,0.14612447836969394,Formal,1,0,0
101,62,453983,29,304,472684,599254,0.14740861917338344,Informal,0,0,0
102,58,911692,5,660,567379,215262,0.1772741044143037,Autónomo,1,1,0
103,46,701084,16,758,191033,1497596,0.28229704064516076,Formal,1,1,0
104,32,1195354,18,547,942297,1350225,0.12616137213187262,Formal,1,0,0
105,62,896762,34,721,1470257,958380,0.45764497018963696,Informal,1,0,0
106,18,1556999,25,314,1080782,973701,0.13284278243313175,Autónomo,0,0,0
107,42,1146007,4,421,671746,1762675,0.44790786578009734,Desempleado,0,0,0
108,24,1011699,28,576,162494,481278,0.051737531823292326,Informal,1,0,0
109,26,591663,36,752,165376,1839186,0.32828135119982615,Informal,1,1,0
110,41,570401,19,689,1653312,1466288,0.45349275921912185,Desempleado,1,0,0
111,18,687540,20,593,5169,966695,0.08437471919911477,Formal,1,0,0
112,61,1771304,9,745,629479,1051619,0.4841634800496275,Formal,1,0,0
113,25,575859,4,509,612507,613765,0.22644168020775585,Autónomo,1,0,0
114,41,803731,35,601,487343,1691035,0.47285755422051223,Autónomo,1,0,0
115,28,229660,5,522,2308057,1170868,0.3384100218150235,Autónomo,0,0,0
116,68,989208,25,302,186896,753368,0.15079343493677577,Informal,0,0,0
117,34,2181132,3,817,207736,1351712,0.09415126245855321,Formal,1,1,1
118,25,442385,38,392,41115,2220726,0.1518675231125497,Informal,0,0,0
119,52,3450316,38,819,292414,1002119,0.046508704631337494,Formal,1,1,1
120,52,772877,34,727,151262,2057563,0.07193398317166488,Formal,1,1,0
121,50,194909,0,792,210330,805903,0.05233022017324057,Autónomo,0,0,0
122,22,581861,23,534,899609,174753,0.21147177187077887,Formal,1,0,0
123,59,1372267,35,460,1370425,499823,0.3977891881287932,Autónomo,0,0,0
124,56,1917272,5,630,102734,966098,0.0706917771081701,Informal,1,1,0
125,58,1010347,40,632,233013,533291,0.06516021658616794,Informal,1,1,0
126,45,1545028,30,349,1319943,56244,0.3217144747586654,Formal,0,0,0
127,24,391548,19,822,31901,2045192,0.09859149098403314,Formal,1,0,0
128,26,502135,23,791,48454,1890555,0.0488050190544958,Formal,1,1,0
129,25,304683,24,571,88841,1669679,0.08342428910278882,Desempleado,1,0,0
130,29,521374,35,551,452197,420621,0.46186569793838805,Autónomo,1,0,0
131,51,1032728,20,389,81537,317451,0.4107356263880954,Informal,0,0,0
132,50,784721,29,745,1722205,202740,0.17703228117754705,Formal,1,1,0
133,65,1088901,23,631,295941,1629970,0.3279103836636964,Desempleado,1,1,0
134,40,441750,29,438,348094,2075211,0.26863783683401904,Formal,0,0,0
135,41,455428,21,656,141618,991843,0.33856213174128197,Formal,1,0,0
136,54,781570,27,573,318346,314792,0.34133557623137967,Informal,1,0,0
137,52,522004,6,318,542227,1169820,0.31436700752999647,Desempleado,0,0,0
138,61,1352790,34,610,695507,814198,0.1330506842686543,Formal,1,1,0
139,57,515579,27,453,700944,870713,0.019503210381409064,Formal,0,0,0
140,39,550763,13,689,431246,1406678,0.2277833909950544,Desempleado,1,1,0
141,44,869936,9,559,1173581,1618423,0.4454869423453519,Formal,1,0,0
142,52,580771,15,424,850250,296230,0.28474862925928796,Formal,0,0,0
143,18,380516,15,653,707446,133132,0.41619552085095396,Informal,1,0,0
144,52,407207,30,572,28606,2217673,0.4958121714806141,Autónomo,1,0,0
145,54,923234,24,544,3451,561760,0.08180810206913813,Informal,1,0,0
146,64,357682,12,749,119412,172791,0.34588881957099116,Desempleado,1,0,0
147,31,1418822,5,546,544614,468586,0.3371467868500123,Informal,1,0,0
148,20,499596,8,819,264832,140454,0.4899777236791392,Formal,1,0,0
149,18,960168,35,440,257422,907645,0.4928003669764002,Desempleado,0,0,0
150,22,514808,19,661,1079619,1800372,0.34333930586206474,Informal,1,1,0
151,43,446473,17,307,1129585,797701,0.12180739599109713,Formal,0,0,0
152,31,797955,20,777,1199412,1021516,0.3992779190652995,Informal,1,1,0
153,56,1193794,3,651,188350,1524645,0.05351456710551905,Formal,1,1,0
154,44,623480,32,794,587297,1162213,0.39034965208581435,Formal,1,1,0
155,26,682841,26,726,158475,1928748,0.4550980620723482,Formal,1,0,0
156,32,1056491,6,338,105737,1938728,0.19141669738421763,Informal,0,0,0
157,32,1074127,5,486,102058,77298,0.31531764749154023,Autónomo,0,0,0
158,43,692116,14,392,209357,1747417,0.21507136604841315,Informal,0,0,0
159,59,565245,17,385,281022,1057500,0.21888252749406423,Desempleado,0,0,0
160,30,735336,31,343,888778,2205737,0.15518544455406003,Formal,0,0,0
161,68,641330,10,436,63855,1106417,0.3810648102251623,Formal,0,0,0
162,49,825086,19,720,663873,2201509,0.4680882820832526,Formal,1,0,0
163,56,388334,23,373,379061,1696372,0.47037542961723056,Formal,0,0,0
164,66,810451,14,847,169800,596279,0.08739064243746691,Formal,1,1,0
165,69,492674,6,811,339444,1226355,0.437371824828283,Autónomo,1,0,0
166,49,1109810,20,455,178296,2212901,0.36871572071356107,Desempleado,0,0,0
167,21,504096,25,554,453272,1920236,0.12641870034514463,Desempleado,1,0,0
168,47,508490,13,470,284443,267450,0.033642306460757276,Formal,0,0,0
169,54,881566,36,469,89806,1591579,0.13399863344218899,Autónomo,0,0,0
170,40,710597,20,621,61979,807126,0.4561041183907628,Formal,1,0,0
171,56,2202450,17,755,395596,70931,0.31658933744788614,Formal,1,1,0
172,62,312420,4,454,1163506,933018,0.3605273304489359,Autónomo,0,0,0
173,32,745404,2,648,210765,566165,0.12857617555454792,Informal,1,1,0
174,60,1241189,22,750,660254,1836177,0.35969407778741014,Formal,1,1,0
175,46,528394,25,472,537440,789191,0.014060753138961879,Informal,0,0,0
176,53,447520,36,309,1340862,1854993,0.1876606728865069,Formal,0,0,0
177,30,456490,23,564,860132,57050,0.3133766742711656,Autónomo,1,0,0
178,49,315141,18,737,418053,725026,0.07304828277066011,Informal,1,0,0
179,24,1385550,24,546,535057,580103,0.41150178722346736,Desempleado,1,0,0
180,68,598359,20,845,1143289,563584,0.11751564940595932,Formal,1,1,0
181,39,563962,11,798,255012,204005,0.3261405564092231,Formal,1,1,0
182,45,243947,40,428,197852,462605,0.20259857128766484,Informal,0,0,0
183,19,344518,32,626,5435,1263654,0.2980217977388236,Informal,1,0,0
184,59,1468057,3,703,875936,689242,0.05372527631445406,Formal,1,1,1
185,62,821024,6,658,807177,963271,0.008456399960803662,Autónomo,1,1,0
186,70,1264270,21,316,55161,875153,0.4547822136901506,Autónomo,0,0,0
187,23,1186777,32,573,430023,1960186,0.1348150043835914,Desempleado,1,0,0
188,45,427815,16,415,311793,2024096,0.40983850139022954,Autónomo,0,0,0
189,45,2377783,23,390,63184,1127562,0.4996751502361001,Autónomo,0,0,0
190,61,1870323,33,381,1970423,773592,0.10571562899945558,Informal,0,0,0
191,61,532252,27,623,120842,287961,0.1325853705916778,Autónomo,1,1,0
192,37,118498,40,413,34801,2128686,0.33142989381733284,Formal,0,0,0
193,47,590361,38,357,451746,186698,0.4827243173003106,Formal,0,0,0
194,28,794846,21,453,671362,702916,0.45790717409537196,Formal,0,0,0
195,45,531201,16,703,16491,703820,0.25143776003279245,Informal,1,1,0
196,42,631589,33,565,537523,752382,0.39755514126336233,Formal,1,0,0
197,56,466226,5,614,379955,412951,0.06787292654995053,Desempleado,1,0,0
198,50,1118582,5,340,54497,1758539,0.48871909210200615,Formal,0,0,0
199,18,728375,33,404,94688,322091,0.48217661701799325,Formal,0,0,0
200,44,1135419,0,492,419635,1436196,0.08186447893958548,Informal,0,0,0
201,69,1299977,9,700,175743,325022,0.1497115624015533,Formal,1,1,0
202,30,237897,20,577,1392863,209112,0.050077498753383465,Formal,0,0,0
203,58,479977,4,653,853912,2033077,0.13585879944908985,Formal,1,0,0
204,20,516454,1,555,2054238,469137,0.4079778947076033,Informal,1,0,0
205,56,2552137,21,398,150330,1841353,0.18915780358262974,Informal,0,0,0
206,23,760140,1,581,1748694,1239914,0.04419848357337919,Autónomo,1,0,0
207,25,1059212,9,702,282143,225030,0.17111276238945228,Autónomo,1,1,1
208,44,275518,33,408,213486,2133133,0.49069166712064005,Informal,0,0,0
209,26,757943,15,498,25831,592705,0.31484179762960146,Formal,0,0,0
210,54,1150724,38,602,27104,1924834,0.20808047320307888,Formal,1,1,0
211,50,1085703,21,626,588846,422785,0.083269256748635,Autónomo,1,1,0
212,68,963623,11,453,306179,1912435,0.4930883986418474,Formal,0,0,0
213,59,710167,23,704,128429,84513,0.4104245046315644,Formal,1,0,0
214,61,727624,39,761,475920,1168489,0.1407386512254597,Autónomo,1,1,0
215,41,302586,37,431,145750,1728711,0.03503434786059473,Informal,0,0,0
216,32,449769,9,383,430939,2088229,0.028312778688779017,Formal,0,0,0
217,49,791929,34,698,222526,2032583,0.06018907475276691,Formal,1,1,0
218,49,493248,31,408,867365,1837819,0.2903842918072108,Desempleado,0,0,0
219,41,995673,6,520,859337,1986900,0.4643817106027462,Autónomo,1,0,0
220,58,891042,20,667,324422,488903,0.24837171400299224,Autónomo,1,1,0
221,69,1397842,19,446,216022,673638,0.4214727412280986,Informal,0,0,0
222,66,1139252,25,411,225147,684040,0.2229433099299039,Informal,0,0,0
223,66,790472,3,793,819213,875560,0.3542917728839126,Desempleado,1,1,0
224,69,1025556,21,804,198882,910927,0.3659363686432504,Desempleado,1,1,0
225,29,1166253,14,774,117266,1239749,0.08698185295166933,Formal,1,1,1
226,56,547456,39,570,44245,403369,0.18060802948790589,Autónomo,1,0,0
227,19,598445,20,720,314329,1558693,0.31865107826901196,Formal,1,1,0
228,20,672221,14,666,329018,420082,0.03534830409218309,Formal,1,1,0
229,66,556259,21,579,919139,730438,0.1807700938814783,Informal,1,0,0
230,54,1172441,27,582,125025,1150148,0.26739973314059623,Informal,1,0,0
231,66,515607,13,339,239818,1787411,0.49811224652231934,Desempleado,0,0,0
232,34,1319259,26,488,826188,1663541,0.23726678131122036,Formal,0,0,0
233,66,587287,40,463,867567,1459303,0.4080283785571618,Informal,0,0,0
234,19,893546,39,835,242750,394440,0.21603364253330887,Desempleado,1,1,0
235,19,766786,27,835,307283,1245163,0.39819536130985445,Desempleado,1,1,0
236,45,433118,25,303,180690,245881,0.2977074008100542,Formal,0,0,0
237,40,698584,1,589,1348221,876232,0.44329772075119916,Formal,1,0,0
238,54,833657,24,732,63147,954838,0.20547127617505495,Informal,1,1,0
239,49,683245,2,770,1357156,142310,0.30215220991073943,Formal,1,1,0
240,50,360556,7,480,575795,651469,0.3150093403094137,Desempleado,0,0,0
241,18,1651955,32,547,379187,2133571,0.20869147090023665,Desempleado,1,0,0
242,36,737193,34,578,16602,2129186,0.07215602184374076,Formal,1,0,0
243,19,474304,5,553,322747,821797,0.046779703456167776,Formal,1,0,0
244,70,1586656,38,480,261912,149460,0.00833577529981655,Formal,0,0,0
245,61,960731,22,808,87903,445147,0.4367671321226073,Desempleado,1,0,0
246,43,387190,24,625,534153,908530,0.11823745611934727,Formal,1,0,0
247,49,418532,18,656,1772838,2116460,0.10575337464088402,Informal,1,0,0
248,23,631314,4,690,412984,362752,0.36801770021303276,Informal,1,1,0
249,49,818647,10,384,627200,1715824,0.16000805654369588,Informal,0,0,0
250,21,963334,11,616,35453,292053,0.2530223462059183,Formal,1,1,0
251,28,1134661,9,511,270356,2189249,0.08125553264872815,Formal,1,0,0
252,34,924069,7,814,61852,885480,0.4798728607309846,Desempleado,1,0,0
253,55,1383502,23,683,474402,1741304,0.4257907000086187,Desempleado,1,0,0
254,41,751745,27,641,1394214,800629,0.43189481148250164,Autónomo,1,0,0
255,22,482596,40,337,542026,1420459,0.2033868742860026,Formal,0,0,0
256,69,704385,35,810,39956,473241,0.3811806068535864,Formal,1,1,0
257,51,681645,36,719,218994,373236,0.07193807769489008,Informal,1,1,0
258,23,194395,20,468,399991,2095336,0.004309501295890139,Formal,0,0,0
259,39,532891,7,642,258093,2050945,0.009986466289014062,Desempleado,1,1,0
260,28,825593,8,605,896813,1985329,0.2933008687022802,Informal,1,1,0
261,65,570716,14,841,842811,1415599,0.2276974526239704,Formal,1,1,0
262,33,510758,39,836,473157,1813127,0.2590076744542599,Desempleado,1,1,0
263,50,1112859,17,411,233770,205854,0.0037315702086097025,Desempleado,0,0,0
264,26,446182,19,710,147411,783665,0.21134330982871286,Formal,1,0,0
265,23,1007081,5,505,55954,737819,0.3590340806004304,Informal,1,0,0
266,33,362356,11,484,219173,1437802,0.22134685098371792,Formal,0,0,0
267,46,2805623,1,681,266512,829691,0.36610960315611113,Formal,1,1,0
268,20,633435,6,795,563233,378641,0.11650948219841739,Formal,1,1,0
269,37,600263,15,678,536706,1352619,0.40657100224086273,Informal,1,0,0
270,53,1249543,2,346,36343,1826424,0.29421562022672615,Desempleado,0,0,0
271,36,572291,2,850,251478,886582,0.10538154971495312,Informal,1,1,0
272,43,1460397,26,827,100311,343335,0.11836023792691647,Formal,1,1,1
273,20,849627,39,803,85283,483399,0.3140152322847685,Informal,1,1,0
274,36,665009,37,321,878106,572098,0.4149697966062217,Formal,0,0,0
275,37,630490,32,512,21410,707802,0.2078138910145776,Autónomo,1,0,0
276,49,1290514,27,609,271660,1453347,0.1291502145637961,Informal,1,1,0
277,24,791748,0,571,92084,1362356,0.4335058034553002,Formal,1,0,0
278,69,875815,7,501,1057349,1569202,0.33463414587541745,Formal,1,0,0
279,58,924729,36,331,407138,843920,0.22404274364153826,Autónomo,0,0,0
280,50,754057,31,742,131580,1847327,0.24395009763965092,Formal,1,1,0
281,57,915011,36,461,349007,499488,0.1021282339681982,Autónomo,0,0,0
282,56,665034,3,553,657427,1075562,0.31340131503242197,Formal,1,0,0
283,35,688211,29,820,1586450,1797191,0.17937125527144432,Formal,1,1,0
284,57,403204,5,779,124517,447460,0.49782258833717463,Informal,1,0,0
285,18,818833,18,309,1086576,294620,0.24009175763094392,Desempleado,0,0,0
286,28,298637,31,804,1361359,1977100,0.2429428030948066,Desempleado,0,0,0
287,45,813039,8,735,1240979,801365,0.28292589370533594,Formal,1,1,0
288,42,613201,11,410,504497,1542655,0.45837800155937336,Formal,0,0,0
289,67,850898,10,452,496884,110864,0.40040904992987514,Formal,0,0,0
290,40,417626,15,401,258096,1556084,0.2255650348989207,Informal,0,0,0
291,48,244526,0,490,697966,743033,0.359349632986398,Informal,0,0,0
292,47,592036,20,380,378890,176945,0.2931177493903808,Desempleado,0,0,0
293,59,418235,29,788,565730,1381635,0.24618352435062446,Desempleado,1,0,0
294,52,289664,12,387,279709,579318,0.09615788639217526,Formal,0,0,0
295,24,1035865,33,493,657446,896766,0.23196813172744546,Informal,0,0,0
296,33,1571238,3,403,869977,230953,0.12290929351128732,Autónomo,0,0,0
297,43,473676,27,395,79168,375720,0.45742107492582734,Autónomo,0,0,0
298,65,679335,37,722,894670,703627,0.16770340674817347,Formal,1,1,0
299,69,604927,30,497,388587,250910,0.47613200726668614,Formal,0,0,0
300,66,507527,26,300,931089,2036114,0.2665276450473556,Informal,0,0,0
301,19,983255,4,706,282203,68898,0.31577218933808016,Formal,1,1,0
302,18,1169195,24,677,238245,1107783,0.2714702222446639,Formal,1,1,0
303,65,457006,2,466,1232909,323721,0.06469030848335044,Formal,0,0,0
304,29,721537,32,808,144621,724721,0.18791060950397048,Informal,1,1,0
305,22,1341128,3,612,929631,2069235,0.049573056138811966,Formal,1,1,0
306,54,995772,24,717,330844,407314,0.31147702209169087,Formal,1,1,0
307,49,1072608,19,776,360872,2155711,0.22343709760021946,Formal,1,1,1
308,26,1398272,33,372,184423,503198,0.3889924857854684,Autónomo,0,0,0
309,58,1389116,25,440,425535,1668100,0.11023524049968492,Autónomo,0,0,0
310,52,1180061,4,561,196678,1244363,0.08228302921466746,Informal,1,0,0
311,36,758596,34,639,20031,1978828,0.2031661154818839,Informal,1,1,0
312,65,582750,27,607,158726,1260270,0.46329269160919057,Desempleado,1,0,0
313,33,743032,28,544,3200,1218015,0.3552109075062059,Formal,1,0,0
314,20,540123,8,814,1916485,480725,0.20946181239645933,Formal,1,1,0
315,37,265803,37,636,1686994,417174,0.2586360848771553,Formal,0,0,0
316,41,613543,5,375,251392,2048427,0.04210650558854917,Formal,0,0,0
317,50,843671,18,474,651659,768552,0.49228794818805655,Formal,0,0,0
318,41,526034,10,408,212176,864750,0.33320365234745947,Desempleado,0,0,0
319,69,640731,1,482,555990,1707797,0.14270203423171124,Informal,0,0,0
320,28,653264,8,491,818482,792437,0.29290419710762217,Informal,0,0,0
321,66,1390514,20,364,1466437,2125772,0.05474118303449699,Desempleado,0,0,0
322,25,589504,23,773,255590,1660189,0.4829183344037918,Formal,1,0,0
323,53,1390358,33,399,764616,1354711,0.08739249394168297,Formal,0,0,0
324,55,181772,21,843,154574,1971036,0.3240151590276071,Informal,0,0,0
325,57,1384270,2,427,2319483,163606,0.12272723126946522,Informal,0,0,0
326,37,1349788,11,751,13054,614669,0.3587806913242679,Formal,1,1,0
327,52,1107796,27,668,462576,1066855,0.38841068362014053,Informal,1,1,0
328,65,258021,29,342,538679,549258,0.3367098644557163,Informal,0,0,0
329,42,1174319,25,718,582449,1673186,0.30724973012759627,Informal,1,1,0
330,52,688104,20,787,64137,2054338,0.44623454697600584,Informal,1,0,0
331,42,199204,27,377,1394601,977132,0.03931335549487902,Formal,0,0,0
332,46,1350309,25,569,99948,799632,0.1654573828900976,Formal,1,0,0
333,35,1452565,32,614,487428,2146402,0.12414373981542298,Informal,1,1,0
334,63,272256,20,467,125949,1022970,0.4940069810327108,Formal,0,0,0
335,35,770246,34,638,183519,1119063,0.19469488983343675,Desempleado,1,1,0
336,19,1412753,33,492,395334,820325,0.36630634962019937,Informal,0,0,0
337,52,1305160,40,752,269950,2033336,0.3423625819405023,Formal,1,1,0
338,33,1071731,17,582,87311,1292801,0.10604061873868886,Autónomo,1,0,0
339,58,187799,10,635,93729,1712908,0.11949884010577566,Informal,0,0,0
340,53,1016145,22,689,270767,1820821,0.14064228177651705,Formal,1,1,0
341,50,632669,21,824,707930,799015,0.2055636391296896,Autónomo,1,1,0
342,21,1160874,16,539,1141218,998710,0.1171625328252634,Autónomo,1,0,0
343,50,801978,4,782,43939,1900540,0.009825741373423902,Informal,1,1,0
344,31,698587,10,757,249699,845558,0.43969652840359774,Formal,1,0,0
345,38,972093,29,388,52817,1781963,0.48280491569044204,Informal,0,0,0
346,65,647451,14,394,8366,2101703,0.17078519351578397,Autónomo,0,0,0
347,37,697053,26,751,541939,1410765,0.16925343971273643,Formal,1,1,0
348,25,534530,34,727,461217,1668233,0.0035459063871854934,Formal,1,1,0
349,24,316175,32,450,88977,1806233,0.340125344165187,Autónomo,0,0,0
350,20,937228,19,813,133164,1893077,0.4127199478743144,Formal,1,0,0
351,34,471531,15,675,11997,914695,0.07330415018000158,Autónomo,1,0,0
352,50,638170,33,321,900745,167210,0.07983317468357537,Informal,0,0,0
353,65,814429,1,612,1838290,929529,0.3950416249857189,Informal,1,1,0
354,29,248736,34,818,72779,1520664,0.30814537417707233,Formal,0,0,0
355,68,278196,39,505,131641,1034924,0.022430278813858506,Autónomo,0,0,0
356,39,607365,27,674,1014030,1684183,0.31127349523114084,Formal,1,1,0
357,39,885614,38,750,1304989,831919,0.15445886142188303,Informal,1,1,0
358,63,1023537,5,478,272042,1435842,0.18436257773542297,Informal,0,0,0
359,47,318411,8,509,25974,461073,0.3848657091484401,Autónomo,1,0,0
360,55,970019,19,799,20094,1685066,0.4054675963363053,Desempleado,1,0,0
361,55,624196,0,763,426599,1242229,0.20017831341991532,Informal,1,1,0
362,62,453693,7,423,249527,499437,0.4735764680031774,Formal,0,0,0
363,68,510160,22,412,14535,690438,0.20323135897603611,Desempleado,0,0,0
364,25,1053558,2,311,437637,1683412,0.38591801761505495,Informal,0,0,0
365,44,809165,3,425,5683,1105046,0.24193863228212953,Formal,0,0,0
366,44,723538,24,630,774105,525456,0.448766163261042,Formal,1,0,0
367,51,796915,37,582,182954,2158839,0.4538806218250893,Autónomo,1,0,0
368,38,1122203,14,439,20545,1610611,0.04370840393554193,Formal,0,0,0
369,47,672129,20,700,443794,2136800,0.46824666565511286,Informal,1,0,0
370,50,724991,34,396,253487,984383,0.41276742076020784,Informal,0,0,0
371,45,1246488,13,816,1821006,1088737,0.39565535715633343,Formal,1,1,0
372,64,597770,35,368,392849,2008129,0.10045566984276122,Informal,0,0,0
373,50,961092,11,417,160957,1197339,0.40255960437733246,Formal,0,0,0
374,22,548478,16,358,617971,1593551,0.4250663673425184,Informal,0,0,0
375,65,573104,38,332,158378,604037,0.14457516722707547,Informal,0,0,0
376,36,669797,8,617,1172972,1027045,0.47613003918116187,Informal,1,0,0
377,21,912909,34,349,234779,324161,0.024930073199582126,Autónomo,0,0,0
378,52,1281890,12,788,399108,503602,0.07495462662356983,Autónomo,1,1,1
379,66,740461,14,318,25948,57801,0.26879056902575715,Autónomo,0,0,0
380,34,333313,17,496,277669,141122,0.28789623556115485,Formal,0,0,0
381,61,967507,32,749,892979,2180609,0.3225750416504517,Formal,1,1,0
382,45,2406482,5,751,819044,582688,0.008484564657733229,Informal,1,1,1
383,47,744963,26,588,127007,1497953,0.48018338731106514,Desempleado,1,0,0
384,46,300250,22,440,128143,1880163,0.022294046367071996,Autónomo,0,0,0
385,63,768028,26,383,849969,1253024,0.07153097636170119,Autónomo,0,0,0
386,70,704504,33,690,1332484,388724,0.00700725876302849,Formal,1,1,0
387,23,675495,37,514,50110,1638857,0.28342921664704734,Informal,1,0,0
388,52,1131959,13,825,298972,1360847,0.4661334419604861,Informal,1,0,0
389,58,1405485,35,514,205833,1645672,0.3329735830402321,Formal,1,0,0
390,54,993062,7,702,1022765,1729372,0.41132873424021366,Formal,1,0,0
391,41,660153,34,427,43610,2176536,0.006640601729290041,Desempleado,0,0,0
392,46,1238727,18,776,118574,1302820,0.27100764923986304,Formal,1,1,1
393,66,334316,29,703,698108,798563,0.22978148875276094,Formal,1,0,0
394,63,493228,13,328,26328,1465674,0.24948397211039652,Formal,0,0,0
395,70,521488,19,637,339164,204557,0.03610659266759397,Desempleado,1,1,0
396,48,694731,24,660,291794,2006916,0.34221768053465373,Informal,1,1,0
397,52,909020,39,691,203534,315314,0.2516102074293172,Informal,1,1,0
398,50,638195,23,517,250910,768562,0.382574424930632,Desempleado,1,0,0
399,69,448533,13,501,377448,1829384,0.24264531703085768,Formal,1,0,0
400,38,1148745,25,316,87991,1354456,0.07469081811321604,Informal,0,0,0
401,49,627204,37,621,424311,911612,0.324128477038911,Formal,1,1,0
402,40,742531,22,817,818488,1085117,0.08619318105258311,Formal,1,1,0
403,50,929395,21,624,713894,1913750,0.43619728167740746,Autónomo,1,0,0
404,20,719415,18,711,83559,795005,0.30655811953462075,Autónomo,1,1,0
405,35,720998,2,617,80818,1946586,0.07860194177847712,Formal,1,1,0
406,42,1181142,18,381,156107,247376,0.4811690287406034,Formal,0,0,0
407,59,761039,8,773,223984,1744704,0.2591827316676603,Informal,1,1,0
408,48,1086154,27,767,262509,1898530,0.0364492259358275,Formal,1,1,1
409,20,926426,19,724,569244,451067,0.3134164522075336,Formal,1,1,0
410,57,1934190,6,503,29175,991431,0.1265994535064051,Formal,1,0,0
411,63,865846,13,686,17644,415588,0.40184672593865123,Formal,1,0,0
412,41,970670,8,397,248717,1592084,0.4089110367830953,Autónomo,0,0,0
413,67,1223937,18,644,597281,1219730,0.48947367792733093,Formal,1,0,0
414,49,728370,13,507,107486,1437102,0.25093476551225186,Formal,1,0,0
415,64,512896,37,813,512920,482962,0.22747843986386856,Informal,1,1,0
416,39,556645,35,465,150436,516138,0.3767378027232403,Autónomo,0,0,0
417,40,559334,39,321,1086156,145976,0.06623532817096328,Formal,0,0,0
418,19,438708,16,453,1130194,756005,0.2734577568965621,Formal,0,0,0
419,44,827081,29,738,176404,1272775,0.27312380006542547,Formal,1,1,0
420,59,515039,8,594,130678,1921115,0.04473656140519361,Autónomo,1,0,0
421,19,777767,32,518,264923,1505817,0.20899204275345679,Informal,1,0,0
422,43,651751,24,794,137568,1002410,0.426642399283601,Autónomo,1,0,0
423,34,691034,13,529,557956,2128071,0.42807681099733014,Desempleado,1,0,0
424,57,931716,10,319,874536,1619569,0.0496188324598405,Autónomo,0,0,0
425,50,538103,34,447,559038,2078162,0.04536044137391543,Informal,0,0,0
426,26,971116,40,407,869632,1202858,0.13134773850096765,Informal,0,0,0
427,60,1544806,13,702,252913,618673,0.43738303127699674,Formal,1,0,0
428,65,837612,29,782,84989,170608,0.06445129253674947,Desempleado,1,1,0
429,56,477208,40,666,669612,1634440,0.3599984013137231,Formal,1,0,0
430,46,518786,3,713,223514,319493,0.05058280980655161,Formal,1,1,0
431,59,623201,3,608,556261,714059,0.3115689268739127,Informal,1,1,0
432,43,524033,27,433,157797,1213475,0.1780336495595724,Formal,0,0,0
433,52,429839,7,582,42360,1282933,0.3944569814829335,Informal,1,0,0
434,67,762196,1,372,2451909,1361568,0.1168452244126818,Informal,0,0,0
435,42,631692,40,780,84921,417231,0.3196009146949799,Informal,1,1,0
436,41,775773,21,651,2229281,881394,0.11784126728794247,Autónomo,1,1,0
437,30,1276904,40,625,1892253,1397685,0.3568301415560769,Formal,1,1,0
438,24,626923,15,742,789498,2164379,0.4368390172803744,Informal,1,0,0
439,53,390056,28,399,538557,1637802,0.06340089956338002,Informal,0,0,0
440,62,577988,29,358,431146,2061721,0.43329784429775176,Informal,0,0,0
441,37,1037130,11,807,1005337,1712990,0.29678762720714896,Autónomo,1,1,1
442,18,989683,34,557,170851,1342291,0.06355524543351199,Formal,1,0,0
443,25,914447,10,712,315256,473257,0.213770927679856,Informal,1,1,0
444,63,516279,20,751,482990,1505291,0.08043014674254895,Formal,1,1,0
445,33,1027569,20,364,264826,1411133,0.35017394443328476,Desempleado,0,0,0
446,31,1149922,4,453,278859,1365669,0.3794340672089748,Formal,0,0,0
447,29,498343,19,565,200451,1120667,0.05289826013639948,Autónomo,1,0,0
448,68,691052,36,378,415322,1205182,0.25306992634732217,Formal,0,0,0
449,40,1937591,2,614,950479,782912,0.4073125280129586,Formal,1,0,0
450,32,487389,32,547,112528,1184866,0.46808152077549825,Informal,1,0,0
451,45,300803,8,713,1362342,485286,0.256758933370885,Autónomo,1,0,0
452,51,1408742,8,324,584122,1806400,0.4751396118057035,Informal,0,0,0
453,19,1245513,3,583,866575,459676,0.2678444852280149,Desempleado,1,0,0
454,49,561446,34,748,406180,240488,0.19709524729995398,Informal,1,1,0
455,40,666809,16,600,755967,1004258,0.42410156427644774,Informal,1,0,0
456,39,382425,33,367,8167,1487075,0.24649135522904453,Formal,0,0,0
457,68,737655,23,306,852921,1007456,0.23595125528226152,Autónomo,0,0,0
458,42,1263899,31,436,20483,657483,0.24515624470491415,Formal,0,0,0
459,39,537913,0,463,1103244,1269354,0.4233925009348727,Autónomo,0,0,0
460,39,1093951,7,382,2411834,810220,0.41597077084402606,Desempleado,0,0,0
461,66,889680,22,719,174118,2084038,0.2017599962201056,Desempleado,1,1,0
462,69,941909,39,372,118063,2061811,0.1666499299352625,Informal,0,0,0
463,59,553823,11,536,724859,1148032,0.24596401201956464,Informal,1,0,0
464,23,590924,11,345,145863,768652,0.2863862548685545,Autónomo,0,0,0
465,32,280231,14,561,1003328,1658460,0.11916860531399848,Formal,0,0,0
466,60,531480,40,475,54262,135573,0.3969775423577953,Informal,0,0,0
467,54,1262366,18,465,67312,1088017,0.24324138286621144,Formal,0,0,0
468,50,443339,25,669,1935238,787001,0.1670227742099798,Informal,1,0,0
469,25,477636,28,353,560182,2057225,0.053410496481995307,Formal,0,0,0
470,70,971746,21,718,938290,81848,0.11942258020180346,Formal,1,1,0
471,61,862974,39,806,196025,1257708,0.47464058587799185,Formal,1,0,0
472,61,996184,20,640,564253,1666138,0.1525498434097633,Informal,1,1,0
473,22,394410,37,426,450999,1110300,0.08442964468351766,Informal,0,0,0
474,56,2542820,19,708,462099,241438,0.2303363958274966,Formal,1,1,1
475,21,384185,28,666,573690,2170124,0.15354387168012434,Informal,1,0,0
476,23,762135,3,570,428256,1182034,0.017579625135597077,Formal,1,0,0
477,62,651757,6,678,280238,1391144,0.16157260863970863,Informal,1,1,0
478,49,389818,27,372,161429,570199,0.2720543119697343,Informal,0,0,0
479,69,586337,27,547,731763,1106996,0.27585618600998346,Informal,1,0,0
480,47,713836,3,342,128268,988828,0.17827946058844435,Autónomo,0,0,0
481,64,509797,21,676,589403,218592,0.22365137812630032,Formal,1,1,0
482,52,1127335,11,340,132851,286569,0.4827589591173832,Autónomo,0,0,0
483,57,650790,2,469,490855,1876625,0.1886742386151558,Informal,0,0,0
484,69,360814,21,511,687338,577179,0.1291134066299915,Informal,1,0,0
485,33,345827,1,792,123407,479638,0.12173352203338006,Informal,1,0,0
486,30,955355,23,338,30908,1153554,0.22888230635206708,Formal,0,0,0
487,67,335498,33,668,70191,1727198,0.37976007435847203,Informal,1,0,0
488,59,826511,26,450,465698,190437,0.1029940920942366,Informal,0,0,0
489,47,881238,40,410,946718,1309875,0.35464806357038403,Formal,0,0,0
490,36,428942,0,779,23020,314943,0.010574911674708143,Formal,1,0,0
491,34,1101435,7,735,662414,135025,0.209466488991973,Formal,1,1,1
492,36,298898,22,346,208758,170429,0.38793253260139343,Desempleado,0,0,0
493,45,818300,37,665,325550,1869431,0.1693664778872157,Informal,1,1,0
494,43,691298,5,368,1321550,312252,0.28186855072269973,Formal,0,0,0
495,54,664810,21,598,201712,153920,0.1024896164129554,Formal,1,0,0
496,43,391526,24,595,313059,1007854,0.37099769556308615,Informal,1,0,0
497,70,441637,17,502,6888,1890803,0.02613955163437981,Autónomo,1,0,0
498,40,1585097,16,360,42560,626291,0.4262713224377502,Formal,0,0,0
499,26,1295403,11,613,149602,972659,0.09909819321083407,Formal,1,1,0
500,29,1022537,5,460,14124,142552,0.4371990158541654,Autónomo,0,0,0
501,70,1128815,25,630,498988,1032159,0.17626462065025866,Formal,1,1,0
502,18,1077078,26,827,277910,1311625,0.3613417872372433,Formal,1,1,0
503,18,600235,7,637,397197,1297045,0.15961264889309423,Desempleado,1,1,0
504,64,722561,18,603,95972,778529,0.4529558356173238,Informal,1,0,0
505,51,337899,0,802,175440,741798,0.06331856275918718,Formal,1,0,0
506,49,674622,28,637,545061,287576,0.08925989463629935,Formal,1,1,0
507,65,1275007,34,849,1680547,853261,0.24651506257940115,Formal,1,1,1
508,42,507069,39,574,25866,272076,0.040969219519073063,Formal,1,0,0
509,57,1176819,13,463,1105387,1722521,0.09799009235088096,Autónomo,0,0,0
510,62,738627,34,742,430051,2156672,0.4718831911060072,Informal,1,0,0
511,70,352946,19,618,414964,2164934,0.4882448305739436,Autónomo,1,0,0
512,18,405589,12,803,346852,1936631,0.18812966466521097,Desempleado,1,0,0
513,33,1117279,37,686,35960,1362022,0.4616430105069678,Informal,1,0,0
514,56,930072,7,793,47088,1579607,0.27241233783671587,Formal,1,1,0
515,22,742395,19,789,459287,675859,0.13487123293688352,Informal,1,1,0
516,39,615223,32,372,208484,1427203,0.3511993605402993,Desempleado,0,0,0
517,46,783902,25,808,1246075,1046446,0.3294509032874286,Autónomo,1,1,0
518,20,1095699,38,689,260935,1103776,0.4945626595543667,Formal,1,0,0
519,29,1475757,20,594,77323,1703346,0.13252364370464165,Informal,1,0,0
520,43,1511476,40,668,627140,668711,0.3360297513308677,Informal,1,1,0
521,33,849782,8,848,173612,747248,0.026011877514723447,Desempleado,1,1,0
522,68,647445,23,486,372716,2066152,0.056823019348359705,Formal,0,0,0
523,54,759093,36,744,598387,177996,0.001959187475546631,Informal,1,1,0
524,39,916040,40,662,1152615,1111640,0.49973034052983656,Autónomo,1,0,0
525,46,914185,16,422,785568,2040407,0.4011368485737389,Informal,0,0,0
526,31,1356948,23,487,564063,1382832,0.3933615073667704,Informal,0,0,0
527,45,2032207,20,719,569144,1243776,0.25486303764408985,Formal,1,1,1
528,22,636747,38,551,1458688,598756,0.15003354145271997,Formal,1,0,0
529,64,2073395,40,848,175364,802117,0.07563214223133796,Formal,1,1,1
530,66,1267903,38,634,556,1908316,0.14233736942323183,Desempleado,1,1,0
531,47,670879,12,391,158696,1271630,0.18798561096456956,Formal,0,0,0
532,63,1492611,10,829,122881,1174928,0.378155048490147,Informal,1,1,0
533,69,1638971,18,362,542110,272261,0.2698308944515762,Informal,0,0,0
534,22,560513,10,811,502167,90599,0.038741813277741344,Formal,1,1,0
535,29,1677580,12,438,450038,2151043,0.00901450447945612,Informal,0,0,0
536,33,1207783,0,484,8188,875412,0.051166089767031575,Autónomo,0,0,0
537,43,2306023,39,504,652409,1367286,0.20524935684868967,Autónomo,1,0,0
538,43,570767,18,513,195434,229070,0.46659645852450915,Informal,1,0,0
539,65,591278,11,555,546896,1541011,0.3187012406046108,Informal,1,0,0
540,38,256126,7,434,406617,2083383,0.40091294993775756,Formal,0,0,0
541,56,938795,7,387,209831,1307390,0.23318729725227427,Desempleado,0,0,0
542,53,851182,11,506,72268,329956,0.1808330415975214,Formal,1,0,0
543,50,532458,32,428,49589,1320558,0.054200186358311364,Autónomo,0,0,0
544,47,677273,25,302,890464,1721980,0.4379665110931025,Formal,0,0,0
545,54,366277,38,420,1252948,939401,0.3915800145139514,Desempleado,0,0,0
546,40,1284625,27,684,524608,1968737,0.08405904879886256,Autónomo,1,1,0
547,27,552333,4,337,54592,1466149,0.25613028193813026,Autónomo,0,0,0
548,22,3314376,7,640,257105,2010942,0.24368740396062244,Formal,1,1,0
549,53,646258,24,320,652706,1411406,0.3125457763432643,Informal,0,0,0
550,51,482601,26,541,756657,341203,0.4730934469956306,Informal,1,0,0
551,69,574123,22,754,62906,729097,0.2898857208812398,Autónomo,1,1,0
552,48,348284,29,602,15,494503,0.2701086333893093,Formal,1,0,0
553,27,897969,22,368,622635,2031766,0.025161466467331972,Desempleado,0,0,0
554,36,571949,19,428,220491,1709050,0.03145373800901197,Autónomo,0,0,0
555,49,1242184,17,495,146838,1526409,0.09367339566339444,Formal,0,0,0
556,18,615002,17,439,6491,710126,0.01623538584587414,Autónomo,0,0,0
557,22,1409825,1,743,388590,455909,0.3716764477850062,Informal,1,1,0
558,62,1030426,3,582,952411,1700464,0.36166515199698157,Informal,1,0,0
559,21,715727,29,611,1580677,1086688,0.06802811721582147,Formal,1,1,0
560,33,1554822,32,834,417062,546673,0.41803945039764046,Informal,1,0,0
561,41,1135862,35,576,361248,1396440,0.07739301742305599,Autónomo,1,0,0
562,33,3078219,17,360,44446,143446,0.1505877934986794,Informal,0,0,0
563,19,574944,36,618,398003,764926,0.1244884495806825,Informal,1,1,0
564,66,733119,18,351,239001,1074510,0.1861535492865239,Informal,0,0,0
565,45,1545889,27,452,467145,377448,0.12733188294498093,Autónomo,0,0,0
566,49,326109,39,610,246105,2196635,0.24447546321922603,Formal,1,0,0
567,44,1363039,19,843,137415,510380,0.2037039406773427,Autónomo,1,1,1
568,37,878883,32,688,49891,339170,0.49328474538966327,Informal,1,0,0
569,41,452548,11,847,189109,498286,0.027963175064112833,Formal,1,0,0
570,29,356909,14,476,50820,1727881,0.07109068819367581,Formal,0,0,0
571,67,504090,40,661,97337,980906,0.026412946954301242,Informal,1,1,0
572,52,225110,38,613,2184502,1285106,0.3129205974911879,Autónomo,0,0,0
573,50,552377,1,396,293587,101429,0.02725463870685979,Formal,0,0,0
574,50,963216,28,512,379507,130612,0.41821986868806166,Autónomo,1,0,0
575,68,556045,40,436,1034225,1025086,0.2559693153409639,Formal,0,0,0
576,60,1412556,9,305,2709554,1831363,0.26350381229076686,Informal,0,0,0
577,54,1618045,1,408,436992,1980481,0.2807972538560971,Desempleado,0,0,0
578,29,1335181,10,846,836918,244272,0.08540685315310537,Autónomo,1,1,1
579,20,791809,12,338,197961,1226286,0.09884515155724377,Formal,0,0,0
580,18,220668,9,724,182457,2041340,0.15940866143650234,Informal,0,0,0
581,50,496285,13,560,257671,899300,0.2967482079109257,Formal,1,0,0
582,57,657195,17,725,558145,1859434,0.10505888797010726,Informal,1,1,0
583,27,451270,8,386,573153,346438,0.058165863566630616,Autónomo,0,0,0
584,60,658028,38,764,189343,2089531,0.4850584432092161,Autónomo,1,0,0
585,61,1578190,27,375,71479,1689532,0.010990907404811456,Formal,0,0,0
586,46,309857,2,770,500375,2102446,0.4013487026680108,Desempleado,1,0,0
587,30,1745587,19,713,68670,1526885,0.39401757478751104,Informal,1,1,0
588,29,1098129,5,756,431959,845881,0.148607056922548,Formal,1,1,1
589,48,806826,26,584,591142,2095590,0.0678133080036567,Informal,1,0,0
590,63,493830,1,538,603007,654901,0.07281432335271171,Informal,1,0,0
591,19,455787,28,671,700140,777976,0.34871580861859625,Informal,1,0,0
592,68,312902,37,794,1031231,1579483,0.32140329554308683,Informal,1,0,0
593,67,1664671,2,344,346533,1719739,0.3913728371256934,Informal,0,0,0
594,52,1522038,15,700,655128,2076506,0.46874058619955233,Formal,1,0,0
595,40,349274,29,546,482705,501042,0.345963681633296,Autónomo,1,0,0
596,34,535224,39,749,103291,1790797,0.07792576827572173,Informal,1,1,0
597,43,876181,1,784,13013,1661534,0.12172130838270534,Formal,1,1,0
598,25,607435,16,317,167416,194455,0.4210968654365573,Autónomo,0,0,0
599,46,270335,40,588,292625,897670,0.10465303791710429,Desempleado,0,0,0
600,43,507813,11,713,479998,670553,0.03626115847724071,Desempleado,1,1,0
601,27,1871540,34,534,948424,717788,0.35164002702112523,Formal,1,0,0
602,43,525322,0,715,109231,2192922,0.20126317774507102,Formal,1,1,0
603,51,650191,14,798,67080,1453309,0.4600200262729518,Informal,1,0,0
604,68,397984,25,414,1654947,1616157,0.32512753554683077,Formal,0,0,0
605,58,946605,36,533,57170,2179161,0.045209488895830374,Desempleado,1,0,0
606,24,747382,20,839,325514,875881,0.47392828362683037,Formal,1,0,0
607,21,486867,30,310,440418,1799151,0.12927863182012295,Formal,0,0,0
608,70,367481,24,505,389761,1000529,0.16860624520314288,Informal,1,0,0
609,67,1424066,22,546,44980,1946334,0.20113020684177102,Formal,1,0,0
610,62,316154,23,426,29359,448545,0.025612148202156626,Autónomo,0,0,0
611,28,907694,37,446,55736,2116257,0.24825771111530243,Informal,0,0,0
612,46,240341,27,417,440447,531414,0.061659245537646123,Formal,0,0,0
613,53,1004862,20,681,393010,765035,0.20048516334417588,Formal,1,1,0
614,42,1146134,17,711,133117,1699901,0.17535489399604215,Informal,1,1,1
615,38,1219739,35,662,507744,911872,0.38642004171325167,Formal,1,1,0
616,53,650926,34,808,857587,1378154,0.40158525581636556,Informal,1,0,0
617,27,1557756,8,436,21234,1022364,0.076706441194544,Informal,0,0,0
618,54,2237011,37,474,344707,1669848,0.1832755936896131,Autónomo,0,0,0
619,26,600756,29,588,584480,552199,0.18667658051591585,Desempleado,1,0,0
620,41,563123,33,780,145385,182852,0.07570522196804252,Desempleado,1,1,0
621,52,760205,31,318,183919,707871,0.39922675252559525,Desempleado,0,0,0
622,66,555662,2,494,475490,1087016,0.35361416416771163,Formal,0,0,0
623,52,516495,2,629,1141074,421068,0.09519089314851736,Formal,1,1,0
624,65,539493,27,474,830167,827168,0.18336095429689953,Formal,0,0,0
625,53,1663831,14,748,437491,925413,0.05290251242825711,Autónomo,1,1,1
626,35,1037886,40,653,655077,180534,0.31410329854652197,Desempleado,1,1,0
627,66,554755,22,798,226925,1324006,0.060685962274309835,Autónomo,1,1,0
628,56,206735,39,440,512168,1978534,0.4929670843124589,Formal,0,0,0
629,49,325958,10,392,313850,385677,0.39034103734393116,Desempleado,0,0,0
630,41,907519,31,538,105321,1355534,0.19511927479199753,Informal,1,0,0
631,40,244257,35,504,604892,1501059,0.2892819661396772,Formal,0,0,0
632,49,816884,32,732,406489,967488,0.4556709081082044,Informal,1,0,0
633,54,414146,23,544,222068,1580111,0.27704964019791306,Formal,1,0,0
634,29,738708,38,616,1211469,948783,0.08724924319897759,Informal,1,1,0
635,66,728457,33,594,10578,1152958,0.18935167779057965,Formal,1,0,0
636,30,749417,27,581,189733,71737,0.4215724325148727,Informal,1,0,0
637,40,579282,36,316,29282,1559722,0.32210650799480894,Informal,0,0,0
638,42,569841,6,370,727345,1493674,0.32536219216690015,Autónomo,0,0,0
639,52,492062,3,568,605511,139243,0.4334107428442446,Informal,1,0,0
640,58,898697,36,624,201249,856418,0.44698652873125233,Informal,1,0,0
641,47,1055317,0,604,562986,2184410,0.45989628588971815,Autónomo,1,0,0
642,34,383567,0,750,252039,970536,0.04742459662657805,Desempleado,1,0,0
643,66,687585,19,306,705814,1147105,0.27206300098155045,Formal,0,0,0
644,37,778439,18,613,302736,2034166,0.3702547606091593,Informal,1,1,0
645,65,773469,28,402,265752,1615257,0.3784634225635069,Formal,0,0,0
646,42,766922,9,492,1364611,1321316,0.30335810098500193,Formal,0,0,0
647,39,577081,17,828,144427,1790377,0.08339366759183708,Informal,1,1,0
648,30,811200,27,470,64171,1935098,0.39871027697083217,Autónomo,0,0,0
649,36,961038,34,836,439188,1049139,0.36005566675747286,Formal,1,1,0
650,66,757117,30,550,1742102,1088754,0.043067885774518144,Autónomo,1,0,0
651,53,908659,26,686,237278,895121,0.23190491233718813,Autónomo,1,1,0
652,29,1157684,10,506,32022,2157611,0.08698869976090179,Desempleado,1,0,0
653,58,279647,37,840,207232,1571564,0.16873852285648594,Formal,0,0,0
654,36,1130858,4,715,352541,236698,0.009040546102842717,Desempleado,1,1,1
655,29,837326,7,679,88323,1932040,0.20016493420537912,Formal,1,1,0
656,26,404717,33,443,536622,1100607,0.2749384605781052,Informal,0,0,0
657,24,1053882,11,324,3048277,205238,0.3097912964135434,Formal,0,0,0
658,45,578154,37,372,300502,1250973,0.33174517256435504,Formal,0,0,0
659,31,618945,0,392,219042,962769,0.41814565655123,Autónomo,0,0,0
660,48,547389,30,804,256000,1964197,0.10773145363786502,Informal,1,1,0
661,69,820734,3,635,61166,499285,0.06024091121923397,Formal,1,1,0
662,36,476431,4,724,1073961,1852691,0.42576858594896283,Formal,1,0,0
663,64,1107364,29,798,267923,1268305,0.07830640744632494,Informal,1,1,1
664,33,658239,23,663,244919,174486,0.48738004066809765,Formal,1,0,0
665,70,588101,2,498,538950,2168785,0.4212691146993185,Autónomo,0,0,0
666,22,1028069,10,712,291728,1170304,0.2504383029447996,Formal,1,1,1
667,52,601377,3,638,522394,688189,0.4907107124610126,Formal,1,0,0
668,29,1133526,25,728,31708,1076358,0.048688364554002106,Formal,1,1,1
669,42,1151472,26,438,840261,1920947,0.15153288058755082,Informal,0,0,0
670,69,361983,26,841,1410923,718686,0.3191122075203057,Formal,1,0,0
671,38,1228599,5,356,523150,474677,0.17500343423658937,Formal,0,0,0
672,53,339673,14,531,1545746,336383,0.4641862759903959,Desempleado,1,0,0
673,70,1267485,29,734,82103,703371,0.03281304408890878,Informal,1,1,1
674,40,1945314,36,683,324485,1751770,0.2747059160304823,Formal,1,1,0
675,33,1092711,36,493,460409,1081184,0.29543313369755725,Informal,0,0,0
676,56,239969,36,833,435822,550352,0.32636406188861206,Autónomo,0,0,0
677,62,1200848,34,817,256632,417078,0.12783311166590722,Formal,1,1,1
678,70,2169093,22,484,206309,779187,0.18228321375993223,Formal,0,0,0
679,59,606366,5,591,67809,2099381,0.4218402648324888,Autónomo,1,0,0
680,56,693429,3,634,248578,801576,0.09747138448507991,Informal,1,1,0
681,31,389458,17,415,88763,2204179,0.413433923586681,Informal,0,0,0
682,48,824717,8,348,662817,1110762,0.2813277114513712,Formal,0,0,0
683,22,1330871,28,381,117122,445297,0.38109375559704106,Formal,0,0,0
684,52,1000113,12,632,30175,1993311,0.35680368313173577,Informal,1,1,0
685,40,3394744,16,634,401890,1056678,0.1037557476924395,Formal,1,1,0
686,46,717314,31,831,452218,1598753,0.28440636821693643,Informal,1,1,0
687,60,312206,21,520,1027523,2194585,0.4338615764025462,Informal,1,0,0
688,28,768535,3,622,430170,164844,0.21605811840096467,Formal,1,1,0
689,35,210771,4,302,211927,265988,0.48329538511165837,Desempleado,0,0,0
690,64,540475,36,505,812306,1622203,0.22610755005085903,Autónomo,1,0,0
691,29,1589526,40,339,388568,668508,0.07139281833394234,Autónomo,0,0,0
692,26,830117,12,358,41300,456467,0.19471734003883662,Formal,0,0,0
693,27,771787,33,806,417183,141333,0.4758512031952686,Formal,1,0,0
694,61,1753537,21,421,1193084,103250,0.15986042466992711,Informal,0,0,0
695,34,616279,22,778,252349,1739675,0.4340490799335314,Formal,1,0,0
696,55,1325984,2,395,175720,348042,0.4406253408409449,Desempleado,0,0,0
697,24,752690,33,713,77433,1072692,0.17509326216598053,Formal,1,1,0
698,63,853225,31,534,82110,1373121,0.04162882902531606,Informal,1,0,0
699,30,383887,20,361,283497,987094,0.3622789545794091,Formal,0,0,0
700,57,554450,20,555,452774,114687,0.155756149506993,Informal,1,0,0
701,59,350809,10,647,42025,1759278,0.3914618071287862,Formal,1,0,0
702,26,672752,38,423,1403123,78608,0.22132742413021655,Informal,0,0,0
703,67,857654,3,781,703521,1712289,0.24263337117131079,Formal,1,1,0
704,44,405038,0,616,441699,1998017,0.3889547033742684,Autónomo,1,0,0
705,19,1965672,27,803,881407,996852,0.19118166553081395,Formal,1,1,1
706,22,810826,23,347,41792,1220153,0.22156367266145727,Desempleado,0,0,0
707,46,726253,34,708,323933,1092831,0.18809523438481107,Autónomo,1,1,0
708,54,1036732,12,435,497252,901987,0.18367025763863998,Formal,0,0,0
709,55,466163,33,500,882032,1985233,0.2629732884507297,Autónomo,0,0,0
710,36,765660,10,549,765012,1999385,0.40439972225057536,Formal,1,0,0
711,25,493028,35,613,162221,785899,0.18088415596128293,Desempleado,1,0,0
712,65,1538157,16,667,1414094,1393065,0.26212736026886835,Informal,1,1,0
713,62,415582,34,728,66392,2071079,0.3353636627213004,Formal,1,0,0
714,18,728205,17,779,1040256,2147506,0.1347197231518275,Formal,1,1,0
715,39,831855,39,613,1769201,1162354,0.13876140245119628,Formal,1,1,0
716,69,859553,21,799,97493,1040304,0.4667065635117274,Desempleado,1,0,0
717,34,527623,23,654,640186,661701,0.3617672866655443,Formal,1,1,0
718,24,450900,18,784,20560,2140577,0.28859333811165444,Informal,1,0,0
719,42,531446,36,510,259952,366264,0.323860027210306,Informal,1,0,0
720,62,918887,38,343,363128,1316444,0.014649721551709183,Desempleado,0,0,0
721,21,656601,20,840,434519,670085,0.30905148278084843,Formal,1,1,0
722,53,1050587,7,391,1373946,662384,0.25475443661210095,Informal,0,0,0
723,23,895607,27,564,557753,936253,0.27287483988971784,Informal,1,0,0
724,48,226002,4,519,328194,2227376,0.17971191341540854,Autónomo,0,0,0
725,36,798511,16,741,829511,175260,0.040736948856470945,Formal,1,1,0
726,61,2173790,36,700,1503223,1313645,0.09666961680602609,Formal,1,1,0
727,56,1368724,35,699,11157,235283,0.47537235660633587,Formal,1,0,0
728,44,871318,18,789,2023385,391717,0.20434978113546698,Autónomo,1,1,0
729,27,415426,26,784,45035,1011470,0.23334157791543209,Formal,1,0,0
730,43,895853,33,769,842045,1165618,0.026354894926719497,Informal,1,1,0
731,36,1021344,10,744,164485,618429,0.018783114771990295,Formal,1,1,1
732,56,621494,11,568,70885,743807,0.35859072352337884,Autónomo,1,0,0
733,20,826641,20,566,289780,244838,0.26904733206055564,Desempleado,1,0,0
734,62,1500917,10,353,516351,715026,0.25435299210813334,Informal,0,0,0
735,30,459603,38,827,239786,2157290,0.12156226521133434,Formal,1,0,0
736,67,415653,27,819,28055,2109780,0.3723753658149611,Formal,1,0,0
737,45,997597,4,358,457472,783859,0.08411828955424594,Formal,0,0,0
738,37,886935,16,339,1163456,1296929,0.09496737183051002,Formal,0,0,0
739,45,1180176,19,536,241618,2033438,0.23035608567413773,Informal,1,0,0
740,25,938138,40,685,121885,69195,0.14313993105597045,Informal,1,1,0
741,58,531191,11,599,292216,1818379,0.12373149061657318,Desempleado,1,0,0
742,56,875764,5,694,24786,2117743,0.32261882227666583,Formal,1,1,0
743,18,398591,16,506,858755,254315,0.32548587260927225,Informal,1,0,0
744,20,622560,18,635,875330,406778,0.4122585348999646,Informal,1,0,0
745,30,907233,25,813,443367,2144653,0.20885428348648793,Informal,1,1,0
746,45,589187,31,477,217784,1224497,0.03654254551307512,Formal,0,0,0
747,66,2423641,5,695,804178,86617,0.13683319246072884,Informal,1,1,0
748,42,273940,35,670,404489,615906,0.49000273159840846,Informal,0,0,0
749,50,536601,37,617,874156,1034040,0.29812928761635105,Autónomo,1,1,0
750,55,441470,10,668,499101,1562307,0.35486854240051013,Desempleado,1,0,0
751,70,497117,32,683,767178,1649824,0.003678914812707268,Formal,1,0,0
752,23,511578,23,361,456352,2220045,0.25910286609126043,Formal,0,0,0
753,61,363504,22,804,267338,680871,0.01876432876590156,Informal,1,0,0
754,62,1027980,14,538,1584399,1225975,0.284615106045724,Informal,1,0,0
755,49,536707,26,494,389477,1215329,0.4603854248180377,Formal,0,0,0
756,62,765697,10,521,464548,937724,0.4842095652502039,Autónomo,1,0,0
757,64,567697,16,360,124543,423550,0.2702763376944621,Desempleado,0,0,0
758,38,499476,13,428,491283,2180985,0.22910240262610798,Desempleado,0,0,0
759,33,1628052,26,455,423858,1911075,0.472508547124247,Formal,0,0,0
760,38,1119308,17,677,102184,1139251,0.33680491599834755,Autónomo,1,1,0
761,28,277245,27,736,30718,1367356,0.03244963976920473,Autónomo,0,0,0
762,54,262941,3,506,463624,549872,0.23286278883374878,Informal,0,0,0
763,53,1188330,6,687,721310,1238079,0.12012250923215195,Informal,1,1,0
764,52,544067,34,779,370540,1566789,0.23490216072434078,Autónomo,1,1,0
765,36,309346,8,639,128591,1175852,0.22773278600318086,Informal,1,0,0
766,37,1190189,7,639,549089,2208878,0.291072401407371,Formal,1,1,0
767,35,767825,16,503,41748,1384960,0.17838524517462562,Informal,1,0,0
768,64,800139,16,460,291549,862340,0.08213522472796403,Informal,0,0,0
769,58,1057613,32,839,89185,1734602,0.25185971729497814,Formal,1,1,1
770,66,366505,31,691,101952,426378,0.41510144217288103,Desempleado,1,0,0
771,31,312077,7,833,113008,891784,0.33200611403380115,Informal,1,0,0
772,32,1555383,18,369,244456,810125,0.16918393296260792,Informal,0,0,0
773,48,343923,37,704,26252,994607,0.4677615113794286,Formal,1,0,0
774,18,382941,2,816,253577,1755535,0.4561037856245911,Informal,1,0,0
775,70,423174,4,419,358420,1108463,0.10467419969204939,Formal,0,0,0
776,20,1996145,12,516,330141,1782136,0.019708792560181487,Formal,1,0,0
777,33,902972,30,355,241268,1309181,0.3706543541753811,Informal,0,0,0
778,40,1143334,15,665,913631,799494,0.41380513067457664,Informal,1,0,0
779,28,778278,31,803,78518,1816846,0.48393228297567764,Informal,1,0,0
780,29,522203,21,754,352303,573851,0.44491819704415536,Formal,1,0,0
781,27,967432,28,403,32025,543615,0.3002673841032074,Informal,0,0,0
782,49,323983,21,376,36907,1152665,0.2650261696061904,Formal,0,0,0
783,33,408037,2,529,426501,622901,0.013920525631293146,Desempleado,1,0,0
784,25,1017890,9,557,417377,75507,0.12332822342238892,Informal,1,0,0
785,55,357943,20,563,1052004,1465311,0.22980737586646321,Informal,1,0,0
786,29,641917,15,630,408080,1166996,0.3142519500417839,Formal,1,1,0
787,41,656711,11,481,1606832,1024417,0.27862591665920533,Formal,0,0,0
788,45,541677,1,849,24960,2158181,0.37131799484084527,Desempleado,1,1,0
789,70,265985,40,326,51575,1297680,0.13988346544352043,Formal,0,0,0
790,25,515190,23,575,22533,1933066,0.2824763038262366,Informal,1,0,0
791,45,467087,34,598,102453,358950,0.044071121695396065,Informal,1,0,0
792,53,764881,29,390,389647,1293347,0.20683276179160348,Formal,0,0,0
793,43,745642,29,779,518625,1942955,0.3750804164773005,Autónomo,1,1,0
794,25,852336,34,757,23328,1323568,0.346700426714522,Informal,1,1,0
795,67,503210,18,750,1459116,1616892,0.4953213685860895,Formal,1,0,0
796,45,916341,7,664,923104,864666,0.138945562993878,Formal,1,1,0
797,45,324082,25,650,175924,256758,0.24909464958698957,Formal,1,0,0
798,54,283737,39,699,40165,1051340,0.16476520688699836,Autónomo,0,0,0
799,58,219470,6,552,93097,913447,0.22030155702958737,Informal,0,0,0
800,53,549688,29,758,67878,1940956,0.42847506493469406,Formal,1,0,0
801,44,484129,6,798,65786,586257,0.3421045375942433,Formal,1,0,0
802,34,1046972,2,807,365489,2157672,0.44122059567379085,Informal,1,0,0
803,26,510132,0,603,141080,2138982,0.10175555416594323,Informal,1,1,0
804,50,808910,35,800,221692,594163,0.436680558920719,Informal,1,0,0
805,70,1059602,24,465,2278444,812502,0.02988113708919221,Formal,0,0,0
806,37,500617,36,714,576504,2002912,0.4442996402185762,Formal,1,0,0
807,30,818953,0,761,1487775,2157428,0.16453688973036396,Informal,1,1,0
808,45,1164403,14,413,76900,1019897,0.15729381670703324,Desempleado,0,0,0
809,65,379904,36,732,240746,753678,0.25604428834933196,Formal,1,0,0
810,46,714388,12,655,404539,1199610,0.4703450938616159,Informal,1,0,0
811,30,501690,39,506,39932,1551132,0.023890682340702685,Informal,1,0,0
812,63,392193,7,534,2098,650352,0.17611548753537265,Informal,1,0,0
813,52,327266,4,741,554990,1657027,0.42828599434166786,Formal,1,0,0
814,23,389037,8,654,513359,168066,0.19802723871773337,Autónomo,1,0,0
815,35,727064,0,814,264485,162929,0.0995784487985335,Informal,1,1,0
816,68,315317,35,507,336323,895636,0.2123970906657059,Informal,1,0,0
817,22,535733,34,424,268450,824289,0.19277625074583465,Formal,0,0,0
818,64,1059547,1,437,12149,742016,0.4577081007333517,Formal,0,0,0
819,42,883159,39,638,204264,1123350,0.38096718787154854,Formal,1,1,0
820,19,541177,22,836,97450,753105,0.2525577778720032,Autónomo,1,1,0
821,27,1642287,8,367,51806,473767,0.49418528336078554,Formal,0,0,0
822,47,1818047,33,840,1570037,728614,0.23263876563796165,Informal,1,1,1
823,67,714842,13,682,457346,2175436,0.029118915410137614,Formal,1,1,0
824,62,205353,3,318,652184,949613,0.13113716090749244,Informal,0,0,0
825,22,1099075,29,749,189434,1022667,0.2180352401096563,Informal,1,1,1
826,50,224082,30,373,249734,1309303,0.07845131207306005,Formal,0,0,0
827,18,1475974,37,575,135199,2193779,0.4737825631620215,Formal,1,0,0
828,35,1212928,10,347,50997,581052,0.38342444890888655,Formal,0,0,0
829,49,1713179,34,510,98635,1537028,0.13414360021388633,Informal,1,0,0
830,64,803625,7,839,798542,1612480,0.2954022667589579,Informal,1,1,0
831,66,588930,2,490,565897,1376225,0.360724578554786,Formal,0,0,0
832,28,563377,13,614,395853,248341,0.470639464453399,Informal,1,0,0
833,38,536931,12,412,322264,1527440,0.4408176745877053,Formal,0,0,0
834,43,1152322,31,469,1278315,195108,0.25759611306910685,Formal,0,0,0
835,42,1007408,33,767,37758,1351913,0.3873263098965088,Formal,1,1,0
836,39,749280,18,313,164669,1663784,0.2810723769137925,Autónomo,0,0,0
837,44,491720,37,587,215344,514451,0.27635194502277005,Formal,1,0,0
838,66,2627022,15,488,762608,1885647,0.05737097916909595,Formal,0,0,0
839,30,1113415,1,454,2447402,121747,0.06306882900807603,Formal,0,0,0
840,50,317394,39,770,137660,1890410,0.2647668075112287,Formal,1,0,0
841,51,545047,16,374,1036958,1056620,0.1344307724895033,Informal,0,0,0
842,58,1124269,33,576,887813,528841,0.010518451230234316,Formal,1,0,0
843,52,473064,15,642,127225,346617,0.36141960195010614,Formal,1,0,0
844,18,841153,37,724,254857,2128478,0.01624329834508248,Informal,1,1,0
845,38,1135012,1,810,263539,213743,0.29763842055202727,Formal,1,1,1
846,65,129643,1,481,1913397,488629,0.2695968970636572,Autónomo,0,0,0
847,23,668463,25,757,99770,812003,0.4844073452889022,Informal,1,0,0
848,45,681710,12,363,802618,1404296,0.24210656967382083,Formal,0,0,0
849,34,574192,30,559,203378,1240284,0.03180071818889868,Informal,1,0,0
850,22,820446,33,492,656281,328930,0.27584398390323084,Formal,0,0,0
851,48,980203,38,705,272373,685691,0.4205480853080507,Informal,1,0,0
852,22,757501,2,392,431801,574856,0.49842464214071996,Informal,0,0,0
853,55,585278,7,729,893720,520046,0.21517158684453624,Formal,1,1,0
854,20,968076,22,733,815243,949681,0.16014937124837125,Informal,1,1,0
855,70,723085,13,703,1006539,1586490,0.45332664847599946,Autónomo,1,0,0
856,40,628697,26,733,30734,528547,0.09562106453806068,Desempleado,1,1,0
857,54,366083,28,411,588910,853002,0.3077144575164633,Informal,0,0,0
858,70,323007,38,674,75404,905702,0.20285721209047386,Informal,1,0,0
859,54,362631,38,358,268772,2178811,0.020541182477777642,Formal,0,0,0
860,27,810916,0,342,397688,2131433,0.17364423715284888,Formal,0,0,0
861,27,678212,16,506,257701,1795449,0.1326142612513373,Informal,1,0,0
862,36,336587,40,595,366580,581177,0.3430455769717434,Formal,1,0,0
863,34,974534,29,417,2831269,203680,0.47439524884595907,Desempleado,0,0,0
864,38,1402701,12,831,72639,744779,0.13402359368931888,Formal,1,1,1
865,31,523090,20,521,562667,635828,0.4057329695758409,Formal,1,0,0
866,26,295453,18,465,252091,1155759,0.02767990846920476,Formal,0,0,0
867,63,494940,18,455,71364,1746725,0.2690605050199066,Autónomo,0,0,0
868,18,1081636,24,483,86425,1921959,0.03527503185494729,Informal,0,0,0
869,68,928216,21,389,1490650,1892696,0.46701649556531966,Informal,0,0,0
870,62,444871,30,393,1058474,837775,0.3831756402786951,Formal,0,0,0
871,30,1509579,16,312,1187804,1549969,0.32897495560229617,Autónomo,0,0,0
872,21,1384563,22,737,2385776,735930,0.41194819081233214,Formal,1,0,0
873,18,489066,31,837,116796,188174,0.3237598977850816,Autónomo,1,0,0
874,66,486557,9,449,219593,1581128,0.4844721985871456,Informal,0,0,0
875,57,524574,9,307,553149,77118,0.35697897393238576,Formal,0,0,0
876,49,547484,35,328,330633,945415,0.4623293047911234,Informal,0,0,0
877,51,1134865,7,595,270977,771903,0.258565946005319,Informal,1,0,0
878,45,872763,19,639,221437,1563326,0.05853220649093133,Formal,1,1,0
879,48,1093938,31,738,450431,1721759,0.26408886071150856,Autónomo,1,1,1
880,25,988099,13,443,428532,716928,0.06343641403154665,Informal,0,0,0
881,56,1662809,27,818,88045,1820430,0.2962467395882025,Formal,1,1,1
882,43,415427,23,344,319083,694799,0.24124653026383147,Formal,0,0,0
883,51,853358,14,538,403126,1026175,0.31128769891639085,Informal,1,0,0
884,20,237957,21,454,422319,1636470,0.005023490527415797,Informal,0,0,0
885,67,365228,29,480,117929,1562332,0.09742024582768205,Informal,0,0,0
886,29,679647,3,514,677924,2202536,0.24566521595606544,Informal,1,0,0
887,18,869661,12,387,12761,545306,0.4752517807945674,Informal,0,0,0
888,61,670546,22,555,219122,1495795,0.1918045201775792,Desempleado,1,0,0
889,22,531341,7,810,757547,1381351,0.21218601302681733,Informal,1,1,0
890,47,580733,17,372,414934,2045403,0.3573480445033111,Autónomo,0,0,0
891,47,1399290,11,478,151339,395720,0.301896378643059,Formal,0,0,0
892,34,582299,30,511,593645,1690347,0.14946307504916662,Formal,1,0,0
893,65,1691923,13,533,418960,1291308,0.2054081977837139,Formal,1,0,0
894,64,1049436,33,764,795415,652942,0.10884989942861623,Informal,1,1,1
895,40,886932,17,522,664060,1087290,0.48301072956510427,Autónomo,1,0,0
896,32,388464,33,563,470943,781464,0.06531719077867987,Formal,1,0,0
897,54,1126217,10,506,334889,1315322,0.18591839228320972,Formal,1,0,0
898,38,551209,40,665,71463,1988660,0.012919486110005596,Autónomo,1,1,0
899,31,388301,11,575,151454,1293561,0.1108897459667732,Formal,1,0,0
900,19,911801,14,679,271588,1429272,0.39023556919007746,Informal,1,1,0
901,28,352492,30,608,457270,1183638,0.10058761614443973,Informal,1,0,0
902,68,481969,28,567,360473,166997,0.0400317012644828,Autónomo,1,0,0
903,56,702006,25,363,169968,562043,0.23722658992226164,Formal,0,0,0
904,55,2139250,17,649,3243,1125485,0.0049846173672592475,Formal,1,1,0
905,51,500467,31,793,342827,730279,0.04238307721316659,Informal,1,1,0
906,55,561096,21,822,168174,450950,0.40381293478148755,Desempleado,1,0,0
907,67,1017570,37,397,663274,1151861,0.3857366724298032,Informal,0,0,0
908,51,379879,16,370,12119,757619,0.457569410202448,Formal,0,0,0
909,35,880424,22,663,439531,616941,0.42725771795537476,Informal,1,0,0
910,47,1289440,23,575,1419144,1064570,0.34158778161990905,Desempleado,1,0,0
911,32,605136,7,349,95828,345543,0.02616642865033142,Autónomo,0,0,0
912,44,1178594,40,657,318998,2072901,0.39142430899332875,Desempleado,1,1,0
913,68,816253,5,784,47937,1942351,0.42275540542028023,Formal,1,0,0
914,51,489634,4,383,491325,1594294,0.39954107288597723,Formal,0,0,0
915,69,639123,28,595,399845,286685,0.25423951765401304,Informal,1,0,0
916,55,583545,27,535,261589,1742701,0.11645091932474083,Autónomo,1,0,0
917,50,675316,10,355,368421,1812451,0.42266498784436335,Formal,0,0,0
918,41,761552,0,659,1134453,1725062,0.36358140487006924,Formal,1,1,0
919,32,946811,18,409,109261,303540,0.4903805871944258,Autónomo,0,0,0
920,47,909899,8,491,11411,1455767,0.07784629887796646,Formal,0,0,0
921,59,209169,26,392,989038,1869781,0.11283229152602753,Formal,0,0,0
922,68,672059,33,359,430330,1311061,0.10589907494075135,Informal,0,0,0
923,34,331719,3,338,1106639,1461201,0.39626988381066836,Informal,0,0,0
924,22,614701,35,839,454341,1052347,0.09345364822505908,Autónomo,1,1,0
925,46,663219,17,348,830790,1205292,0.03332991491165305,Formal,0,0,0
926,21,1149491,14,719,280773,130494,0.4992804032928143,Informal,1,0,0
927,27,695021,12,312,692867,1445015,0.012408605722574573,Informal,0,0,0
928,34,803204,18,335,1221162,232837,0.4176220300794328,Informal,0,0,0
929,27,1048932,5,400,424460,1001580,0.1826834207753264,Informal,0,0,0
930,34,1303589,11,385,99704,692055,0.42080772987890763,Formal,0,0,0
931,37,663476,36,815,156532,1241647,0.2773102456055725,Formal,1,1,0
932,41,739585,16,522,110725,345830,0.45081561474318005,Formal,1,0,0
933,22,709111,22,637,141750,1559556,0.46309649320731333,Formal,1,0,0
934,51,537915,25,465,182941,1784304,0.004549090640387998,Informal,0,0,0
935,23,480315,28,682,404991,410923,0.03770608799639413,Autónomo,1,0,0
936,70,226571,32,675,443356,282553,0.12517936478542774,Autónomo,0,0,0
937,19,411854,26,770,277998,372137,0.33465770818175083,Autónomo,1,0,0
938,30,289943,24,330,477803,1962845,0.444136098255753,Formal,0,0,0
939,60,1321601,9,674,42547,1204166,0.22997097564698138,Informal,1,1,0
940,60,775267,22,310,45942,1071692,0.3034865581371327,Formal,0,0,0
941,65,662507,20,601,94268,287768,0.09424992639778057,Formal,1,1,0
942,28,492876,20,395,364986,1468047,0.40248341694084266,Formal,0,0,0
943,68,716150,12,489,120396,1942998,0.48366405567673487,Informal,0,0,0
944,64,461744,36,752,166538,1856433,0.13429946645729873,Desempleado,1,0,0
945,40,769707,32,491,255674,1416949,0.24741297580027316,Formal,0,0,0
946,33,797807,23,785,835301,219425,0.0430580552531869,Formal,1,1,0
947,48,458660,10,565,6980,300129,0.2795683282314842,Autónomo,1,0,0
948,28,454305,16,723,524024,162960,0.2513917209233403,Formal,1,0,0
949,33,1141501,3,427,552632,615574,0.0722182420775388,Autónomo,0,0,0
950,25,687162,24,537,801370,350712,0.22103310655903752,Autónomo,1,0,0
951,21,477464,29,654,1349691,621159,0.16705232604328163,Desempleado,1,0,0
952,57,586250,8,411,10172,892962,0.2609154376525947,Informal,0,0,0
953,21,425686,20,745,83490,2106030,0.2928271677143996,Informal,1,0,0
954,42,682258,19,642,1086530,1382860,0.004247789303604754,Informal,1,1,0
955,20,1069358,18,444,306723,1871192,0.3805029914747777,Informal,0,0,0
956,49,695871,18,364,415734,1600232,0.3565071459308704,Informal,0,0,0
957,20,2300350,11,546,543877,300360,0.1831431931032611,Formal,1,0,0
958,44,871033,36,789,568261,1655825,0.02646796778440913,Informal,1,1,0
959,46,791537,16,738,1342219,653884,0.3774662698925252,Informal,1,1,0
960,49,448025,36,405,2896211,1445330,0.4775875802390662,Autónomo,0,0,0
961,67,626240,38,480,636764,797087,0.1200757980110071,Autónomo,0,0,0
962,68,477944,27,483,169292,2224939,0.16176230686851895,Informal,0,0,0
963,36,238932,40,525,1059101,628777,0.09190644474090748,Formal,0,0,0
964,38,1148407,34,388,25237,662649,0.28846806167241984,Autónomo,0,0,0
965,22,546358,17,829,131385,2079264,0.07742069732372747,Informal,1,1,0
966,35,482413,13,670,1138389,109333,0.17809697173068972,Autónomo,1,0,0
967,45,783903,34,698,147986,1570526,0.3485065069671315,Desempleado,1,1,0
968,59,911644,40,405,124648,1632791,0.2800579915046742,Formal,0,0,0
969,39,601011,6,570,74323,1874246,0.19323128216396762,Autónomo,1,0,0
970,38,704649,40,802,979894,2174425,0.21012480090377095,Formal,1,1,0
971,23,1024637,12,824,346632,2176952,0.28105544131161475,Formal,1,1,1
972,18,589281,17,331,561801,197678,0.0029323639435806514,Informal,0,0,0
973,22,820708,36,692,136605,1842634,0.03925493422680493,Formal,1,1,0
974,58,307778,12,339,709492,1460989,0.4406290338815058,Autónomo,0,0,0
975,29,379305,35,517,713570,1463234,0.03893949454564538,Formal,1,0,0
976,43,955056,30,381,187418,334815,0.3534017981052526,Formal,0,0,0
977,63,369526,1,500,264395,1469419,0.4600190820545263,Informal,0,0,0
978,51,793195,15,746,117665,2191913,0.13534180215086555,Autónomo,1,1,0
979,66,655567,8,727,1876677,2038272,0.18524571852975713,Desempleado,1,1,0
980,31,588023,8,337,518668,1010530,0.28446070292235814,Autónomo,0,0,0
981,43,466272,37,510,1363188,142607,0.44085448481929235,Informal,1,0,0
982,62,1111727,10,743,180762,843467,0.4709527936302101,Formal,1,0,0
983,44,1675632,21,626,761380,1852529,0.36978162405563403,Formal,1,1,0
984,26,819829,32,526,725915,1580984,0.043309880427347014,Formal,1,0,0
985,43,829021,35,347,588269,1054478,0.3345770777674254,Informal,0,0,0
986,64,501616,22,317,1685416,175555,0.20515186093633103,Informal,0,0,0
987,39,387979,33,738,250071,983926,0.2353504997455308,Informal,1,0,0
988,64,691685,8,486,70043,1075527,0.02457419517258852,Autónomo,0,0,0
989,47,433601,23,644,556927,2074662,0.09553106967317909,Informal,1,0,0
990,60,290817,7,523,653390,1449631,0.39525680376682387,Formal,0,0,0
991,65,1054396,6,787,427904,733361,0.2269794165239299,Formal,1,1,1
992,34,1080397,35,528,115851,1197923,0.15083112081557443,Autónomo,1,0,0
993,43,459244,17,689,351050,199371,0.19200953698247908,Autónomo,1,0,0
994,53,797102,2,487,187121,2170356,0.4271997566628401,Autónomo,0,0,0
995,18,1164417,27,569,278842,838610,0.37449950870247845,Formal,1,0,0
996,25,781733,5,609,518127,1094753,0.1361576985905414,Desempleado,1,1,0
997,66,388550,20,431,683667,828226,0.058750920106186655,Formal,0,0,0
998,52,628008,27,850,132129,1539701,0.12599911082203585,Formal,1,1,0
999,69,1369779,39,371,259870,1495608,0.46037822552736685,Desempleado,0,0,0
1000,32,798323,0,486,156781,1611040,0.2907944189248777,Formal,0,0,0
